ticker,code,date,summary_gpt,sentiment_gpt,category_gpt,url
VMM,544307,2025-05-05,"Not important. The filing contains a transcript of Vishal Mega Mart's earnings call for FY '25, highlighting financial results and management commentary. No significant corporate action or material event is disclosed. The document is primarily for investor information and compliance.",10,earnings_call_transcript,https://www.bseindia.com/xml-data/corpfiling/AttachLive/ab005436-613e-416d-9123-971b30c6981d.pdf
VMM,544307,2025-04-30,"['Important. The company has released an audio recording of its earnings conference call for the quarter and year ended March 31, 2025.', ""The recording is available on the company's official website for investor reference."", 'No financial results or strategic updates are included in this filing.']",0,earnings_call_transcript,https://www.bseindia.com/xml-data/corpfiling/AttachLive/09693027-c665-45f0-83e1-dd33f7cf288e.pdf
VMM,544307,2025-04-30,"['Important. Vishal Mega Mart Limited confirms it is not classified as a Large Corporate under SEBI regulations for FY 2024-25.', 'The company has no outstanding borrowings as of March 31, and holds a long-term credit rating of AA India Ratings.', 'The filing is a compliance disclosure related to fund raising regulations and does not indicate any immediate financial changes.']",10,regulatory_disclosure,https://www.bseindia.com/xml-data/corpfiling/AttachLive/f1793db5-3816-4774-aa79-7af82a51e757.pdf
VMM,544307,2025-04-30,"Not important. The filing pertains to the publication of financial results for the quarter and year ended March 31, 2025, in newspapers. It is a routine regulatory compliance update with no new strategic or operational information disclosed.",0,financial_results,https://www.bseindia.com/xml-data/corpfiling/AttachLive/3b3f8c63-f5a8-4fc3-a6ef-a5abad45c60a.pdf
VMM,544307,2025-04-29,"['Important. The company received a court order imposing a Rs. 1,00,000 penalty related to a food safety violation.', 'The violation involved non-compliance with food safety standards for a product sampled in 2024.', 'The financial impact is limited to the penalty, with no material effect on operations.']",10,regulatory,https://www.bseindia.com/xml-data/corpfiling/AttachLive/5ea758b8-95b6-462e-b299-f43598e0a187.pdf
VMM,544307,2025-04-29,"['Important. The company reports audited financial results for FY25 and Q4FY25, highlighting revenue growth, improved margins, and operational performance across categories.', 'The presentation emphasizes diversified merchandise, technology-enabled operations, and store expansion, indicating a focus on growth and efficiency.', 'No significant new strategic announcements or market-moving news are included in the filing.']",20,financial_results,https://www.bseindia.com/xml-data/corpfiling/AttachLive/2811692c-0284-4921-b798-3247cddcfc4c.pdf
VMM,544307,2025-04-29,"['Important. Vishal Mega Mart reported strong financial growth with a 23.2% YoY increase in quarterly revenue and a 20.2% rise for the full year.', 'Profitability improved significantly, with quarterly PAT up 88.1% and annual PAT up 36.8%, supported by higher gross margins and EBITDA.', 'The company added 28 new stores in Q4 and 85 stores in FY25, indicating expansion and increased market presence.']",75,earnings_call_transcript,https://www.bseindia.com/xml-data/corpfiling/AttachLive/0c154af1-e6a4-45d8-9c21-32c08374aff8.pdf
VMM,544307,2025-04-29,"['Important. The company has announced its audited financial results for the quarter and year ending March 31, 2025.', 'The results include details on revenue, expenses, profit/loss, and other financial metrics, with audit reports and declarations provided.', 'No significant operational or strategic updates are mentioned; the focus is on financial disclosures.']",0,earnings_call_transcript,https://www.bseindia.com/xml-data/corpfiling/AttachLive/a0d33393-4c9c-4a4c-b875-d4568d592305.pdf
VMM,544307,2025-04-29,"['Important. The company has announced its audited financial results for the quarter and year ending March 31, 2025.', 'Important. The results include details on revenue, expenses, profit/loss, and other comprehensive income, with audit reports and declarations provided.', ""Important. The financial results will be hosted on the company's website and are based on both standalone and consolidated data.""]",10,financial_results,https://www.bseindia.com/xml-data/corpfiling/AttachLive/975523b2-135a-4026-98aa-fb83b57dedfa.pdf
